,,,1309,,,,,,,1309,,,1309
Cabin,C,,Title,,,,Mr,757,,Cabin_1,Embarked_1,,Ticket
,,,Mr,Mr,757,,Mrs,198,,M,S,1014,A/5 21171
C85,C,,Mrs,Mrs,197,,Miss,264,,C,C,94,PC 17599
,,,Miss,Miss,260,,Master,61,,E,Q,41,STON/O2. 3101282
C123,C,,Master,Master,61,,Royalty,29,,G,,5,113803
,,,Don,Royalty,1,,,,,D,,46,373450
,,,Rev,Royalty,8,,,,,A,,22,330877
E46,E,,Dr,Royalty,8,,,,,B,,65,17463
,,,Mme,Mrs,1,,,,,F,,21,349909
,,,Ms,Miss,2,,,,,T,,1,347742
,,,Major,Royalty,2,,,,,,,,237736
G6,G,,Lady,Royalty,1,,,,,,,,PP 9549
C103,C,,Sir,Royalty,1,,,,,,,,113783
,,,Mlle,Miss,2,,,,,,,,A/5. 2151
,,,Col,Royalty,4,,,,,,,,347082
,,,Capt,Royalty,1,,,,,,,,350406
,,,the Countess,Royalty,1,,,,,,,,248706
,,,Jonkheer,Royalty,1,,,,,,,,382652
,,,Dona,Royalty,1,,,,,,,,244373
,,,,,,,,,,,,,345763
,,,,,,,,,,,,,2649
,,,,,,,,,,,,,239865
D56,D,,,,,,,,,,,,248698
,,,,,,,,,,,,,330923
A6,A,,,,,,,,,,,,113788
,,,,,,,,,,,,,347077
,,,,,,,,,,,,,2631
,,,,,,,,,,,,,19950
C23 C25 C27,C,,,,,,,,,,,,330959
,,,,,,,,,,,,,349216
,,,,,,,,,,,,,PC 17601
,,,,,,,,,,,,,PC 17569
B78,B,,,,,,,,,,,,335677
,,,,,,,,,,,,,C.A. 24579
,,,,,,,,,,,,,PC 17604
,,,,,,,,,,,,,113789
,,,,,,,,,,,,,2677
,,,,,,,,,,,,,A./5. 2152
,,,,,,,,,,,,,345764
,,,,,,,,,,,,,2651
,,,,,,,,,,,,,7546
,,,,,,,,,,,,,11668
,,,,,,,,,,,,,349253
,,,,,,,,,,,,,SC/Paris 2123
,,,,,,,,,,,,,330958
,,,,,,,,,,,,,S.C./A.4. 23567
,,,,,,,,,,,,,370371
,,,,,,,,,,,,,14311
,,,,,,,,,,,,,2662
,,,,,,,,,,,,,349237
,,,,,,,,,,,,,3101295
,,,,,,,,,,,,,A/4. 39886
,,,,,,,,,,,,,PC 17572
D33,D,,,,,,,,,,,,2926
,,,,,,,,,,,,,113509
B30,B,,,,,,,,,,,,19947
C52,C,,,,,,,,,,,,C.A. 31026
,,,,,,,,,,,,,2697
,,,,,,,,,,,,,C.A. 34651
,,,,,,,,,,,,,CA 2144
,,,,,,,,,,,,,2669
,,,,,,,,,,,,,113572
B28,B,,,,,,,,,,,,36973
C83,C,,,,,,,,,,,,347088
,,,,,,,,,,,,,PC 17605
,,,,,,,,,,,,,2661
,,,,,,,,,,,,,C.A. 29395
F33,F,,,,,,,,,,,,S.P. 3464
,,,,,,,,,,,,,3101281
,,,,,,,,,,,,,315151
,,,,,,,,,,,,,C.A. 33111
,,,,,,,,,,,,,S.O.C. 14879
,,,,,,,,,,,,,2680
,,,,,,,,,,,,,1601
,,,,,,,,,,,,,348123
,,,,,,,,,,,,,349208
F G73,F,,,,,,,,,,,,374746
,,,,,,,,,,,,,248738
,,,,,,,,,,,,,364516
,,,,,,,,,,,,,345767
,,,,,,,,,,,,,345779
,,,,,,,,,,,,,330932
,,,,,,,,,,,,,113059
,,,,,,,,,,,,,SO/C 14885
,,,,,,,,,,,,,3101278
,,,,,,,,,,,,,W./C. 6608
,,,,,,,,,,,,,SOTON/OQ 392086
,,,,,,,,,,,,,343275
,,,,,,,,,,,,,343276
C23 C25 C27,C,,,,,,,,,,,,347466
,,,,,,,,,,,,,W.E.P. 5734
,,,,,,,,,,,,,C.A. 2315
,,,,,,,,,,,,,364500
E31,E,,,,,,,,,,,,374910
,,,,,,,,,,,,,PC 17754
,,,,,,,,,,,,,PC 17759
,,,,,,,,,,,,,231919
A5,A,,,,,,,,,,,,244367
D10 D12,D,,,,,,,,,,,,349245
,,,,,,,,,,,,,349215
,,,,,,,,,,,,,35281
,,,,,,,,,,,,,7540
,,,,,,,,,,,,,3101276
D26,D,,,,,,,,,,,,349207
,,,,,,,,,,,,,343120
,,,,,,,,,,,,,312991
,,,,,,,,,,,,,349249
,,,,,,,,,,,,,371110
,,,,,,,,,,,,,110465
,,,,,,,,,,,,,2665
,,,,,,,,,,,,,324669
C110,C,,,,,,,,,,,,4136
,,,,,,,,,,,,,2627
,,,,,,,,,,,,,STON/O 2. 3101294
,,,,,,,,,,,,,370369
,,,,,,,,,,,,,PC 17558
,,,,,,,,,,,,,A4. 54510
,,,,,,,,,,,,,27267
,,,,,,,,,,,,,370372
B58 B60,B,,,,,,,,,,,,C 17369
,,,,,,,,,,,,,2668
,,,,,,,,,,,,,347061
,,,,,,,,,,,,,349241
,,,,,,,,,,,,,SOTON/O.Q. 3101307
E101,E,,,,,,,,,,,,A/5. 3337
D26,D,,,,,,,,,,,,228414
,,,,,,,,,,,,,C.A. 29178
,,,,,,,,,,,,,SC/PARIS 2133
,,,,,,,,,,,,,11752
F E69,F,,,,,,,,,,,,7534
,,,,,,,,,,,,,PC 17593
,,,,,,,,,,,,,2678
,,,,,,,,,,,,,347081
,,,,,,,,,,,,,STON/O2. 3101279
,,,,,,,,,,,,,365222
,,,,,,,,,,,,,231945
,,,,,,,,,,,,,C.A. 33112
D47,D,,,,,,,,,,,,350043
C123,C,,,,,,,,,,,,230080
,,,,,,,,,,,,,244310
B86,B,,,,,,,,,,,,S.O.P. 1166
,,,,,,,,,,,,,113776
,,,,,,,,,,,,,A.5. 11206
,,,,,,,,,,,,,A/5. 851
,,,,,,,,,,,,,Fa 265302
,,,,,,,,,,,,,PC 17597
,,,,,,,,,,,,,35851
,,,,,,,,,,,,,SOTON/OQ 392090
,,,,,,,,,,,,,315037
F2,F,,,,,,,,,,,,CA. 2343
,,,,,,,,,,,,,371362
,,,,,,,,,,,,,C.A. 33595
C2,C,,,,,,,,,,,,347068
,,,,,,,,,,,,,315093
,,,,,,,,,,,,,363291
,,,,,,,,,,,,,113505
,,,,,,,,,,,,,PC 17318
,,,,,,,,,,,,,111240
,,,,,,,,,,,,,STON/O 2. 3101280
,,,,,,,,,,,,,17764
,,,,,,,,,,,,,350404
,,,,,,,,,,,,,4133
,,,,,,,,,,,,,PC 17595
,,,,,,,,,,,,,250653
,,,,,,,,,,,,,LINE
,,,,,,,,,,,,,SC/PARIS 2131
,,,,,,,,,,,,,230136
E33,E,,,,,,,,,,,,315153
,,,,,,,,,,,,,113767
,,,,,,,,,,,,,370365
,,,,,,,,,,,,,111428
B19,B,,,,,,,,,,,,364849
,,,,,,,,,,,,,349247
,,,,,,,,,,,,,234604
,,,,,,,,,,,,,28424
A7,A,,,,,,,,,,,,350046
,,,,,,,,,,,,,PC 17610
,,,,,,,,,,,,,368703
C49,C,,,,,,,,,,,,4579
,,,,,,,,,,,,,370370
,,,,,,,,,,,,,248747
,,,,,,,,,,,,,345770
,,,,,,,,,,,,,3101264
,,,,,,,,,,,,,2628
F4,F,,,,,,,,,,,,A/5 3540
,,,,,,,,,,,,,347054
A32,A,,,,,,,,,,,,2699
,,,,,,,,,,,,,367231
,,,,,,,,,,,,,112277
,,,,,,,,,,,,,SOTON/O.Q. 3101311
,,,,,,,,,,,,,F.C.C. 13528
,,,,,,,,,,,,,A/5 21174
,,,,,,,,,,,,,250646
,,,,,,,,,,,,,367229
F2,F,,,,,,,,,,,,35273
B4,B,,,,,,,,,,,,STON/O2. 3101283
B80,B,,,,,,,,,,,,243847
,,,,,,,,,,,,,11813
,,,,,,,,,,,,,W/C 14208
,,,,,,,,,,,,,SOTON/OQ 392089
,,,,,,,,,,,,,220367
,,,,,,,,,,,,,21440
,,,,,,,,,,,,,349234
,,,,,,,,,,,,,19943
,,,,,,,,,,,,,PP 4348
,,,,,,,,,,,,,SW/PP 751
G6,G,,,,,,,,,,,,A/5 21173
,,,,,,,,,,,,,236171
,,,,,,,,,,,,,347067
,,,,,,,,,,,,,237442
A31,A,,,,,,,,,,,,C.A. 29566
,,,,,,,,,,,,,W./C. 6609
,,,,,,,,,,,,,26707
,,,,,,,,,,,,,C.A. 31921
,,,,,,,,,,,,,28665
,,,,,,,,,,,,,SCO/W 1585
D36,D,,,,,,,,,,,,367230
,,,,,,,,,,,,,W./C. 14263
,,,,,,,,,,,,,STON/O 2. 3101275
D15,D,,,,,,,,,,,,2694
,,,,,,,,,,,,,19928
,,,,,,,,,,,,,347071
,,,,,,,,,,,,,250649
,,,,,,,,,,,,,11751
,,,,,,,,,,,,,244252
C93,C,,,,,,,,,,,,362316
,,,,,,,,,,,,,113514
,,,,,,,,,,,,,A/5. 3336
,,,,,,,,,,,,,370129
,,,,,,,,,,,,,2650
,,,,,,,,,,,,,PC 17585
C83,C,,,,,,,,,,,,110152
,,,,,,,,,,,,,PC 17755
,,,,,,,,,,,,,230433
,,,,,,,,,,,,,384461
,,,,,,,,,,,,,110413
,,,,,,,,,,,,,112059
,,,,,,,,,,,,,382649
,,,,,,,,,,,,,C.A. 17248
,,,,,,,,,,,,,347083
,,,,,,,,,,,,,PC 17582
,,,,,,,,,,,,,PC 17760
,,,,,,,,,,,,,113798
,,,,,,,,,,,,,250644
,,,,,,,,,,,,,PC 17596
,,,,,,,,,,,,,370375
C78,C,,,,,,,,,,,,13502
,,,,,,,,,,,,,347073
,,,,,,,,,,,,,239853
D35,D,,,,,,,,,,,,C.A. 2673
,,,,,,,,,,,,,336439
,,,,,,,,,,,,,347464
G6,G,,,,,,,,,,,,345778
C87,C,,,,,,,,,,,,A/5. 10482
,,,,,,,,,,,,,113056
,,,,,,,,,,,,,349239
,,,,,,,,,,,,,345774
,,,,,,,,,,,,,349206
B77,B,,,,,,,,,,,,237798
,,,,,,,,,,,,,370373
,,,,,,,,,,,,,19877
,,,,,,,,,,,,,11967
,,,,,,,,,,,,,SC/Paris 2163
E67,E,,,,,,,,,,,,349236
B94,B,,,,,,,,,,,,349233
,,,,,,,,,,,,,PC 17612
,,,,,,,,,,,,,2693
,,,,,,,,,,,,,113781
,,,,,,,,,,,,,19988
C125,C,,,,,,,,,,,,9234
C99,C,,,,,,,,,,,,367226
,,,,,,,,,,,,,226593
,,,,,,,,,,,,,A/5 2466
,,,,,,,,,,,,,17421
C118,C,,,,,,,,,,,,PC 17758
,,,,,,,,,,,,,P/PP 3381
D7,D,,,,,,,,,,,,PC 17485
,,,,,,,,,,,,,11767
,,,,,,,,,,,,,PC 17608
,,,,,,,,,,,,,250651
,,,,,,,,,,,,,349243
,,,,,,,,,,,,,F.C.C. 13529
,,,,,,,,,,,,,347470
,,,,,,,,,,,,,29011
,,,,,,,,,,,,,36928
A19,A,,,,,,,,,,,,16966
,,,,,,,,,,,,,A/5 21172
,,,,,,,,,,,,,349219
,,,,,,,,,,,,,234818
,,,,,,,,,,,,,345364
,,,,,,,,,,,,,28551
,,,,,,,,,,,,,111361
B49,B,,,,,,,,,,,,113043
D,D,,,,,,,,,,,,PC 17611
,,,,,,,,,,,,,349225
,,,,,,,,,,,,,7598
,,,,,,,,,,,,,113784
,,,,,,,,,,,,,248740
C22 C26,C,,,,,,,,,,,,244361
C106,C,,,,,,,,,,,,229236
B58 B60,B,,,,,,,,,,,,248733
,,,,,,,,,,,,,31418
,,,,,,,,,,,,,386525
,,,,,,,,,,,,,C.A. 37671
E101,E,,,,,,,,,,,,315088
,,,,,,,,,,,,,7267
C22 C26,C,,,,,,,,,,,,113510
,,,,,,,,,,,,,2695
C65,C,,,,,,,,,,,,2647
,,,,,,,,,,,,,345783
E36,E,,,,,,,,,,,,237671
C54,C,,,,,,,,,,,,330931
B57 B59 B63 B66,B,,,,,,,,,,,,330980
,,,,,,,,,,,,,SC/PARIS 2167
,,,,,,,,,,,,,2691
,,,,,,,,,,,,,SOTON/O.Q. 3101310
,,,,,,,,,,,,,C 7076
,,,,,,,,,,,,,110813
,,,,,,,,,,,,,2626
C7,C,,,,,,,,,,,,14313
E34,E,,,,,,,,,,,,PC 17477
,,,,,,,,,,,,,11765
,,,,,,,,,,,,,3101267
,,,,,,,,,,,,,323951
,,,,,,,,,,,,,C 7077
,,,,,,,,,,,,,113503
C32,C,,,,,,,,,,,,2648
,,,,,,,,,,,,,347069
D,D,,,,,,,,,,,,PC 17757
,,,,,,,,,,,,,2653
B18,B,,,,,,,,,,,,STON/O 2. 3101293
,,,,,,,,,,,,,349227
C124,C,,,,,,,,,,,,27849
C91,C,,,,,,,,,,,,367655
,,,,,,,,,,,,,SC 1748
,,,,,,,,,,,,,113760
,,,,,,,,,,,,,350034
C2,C,,,,,,,,,,,,3101277
E40,E,,,,,,,,,,,,350052
,,,,,,,,,,,,,350407
T,T,,,,,,,,,,,,28403
F2,F,,,,,,,,,,,,244278
C23 C25 C27,C,,,,,,,,,,,,240929
,,,,,,,,,,,,,STON/O 2. 3101289
,,,,,,,,,,,,,341826
,,,,,,,,,,,,,4137
F33,F,,,,,,,,,,,,315096
,,,,,,,,,,,,,28664
,,,,,,,,,,,,,347064
,,,,,,,,,,,,,29106
,,,,,,,,,,,,,312992
,,,,,,,,,,,,,349222
C128,C,,,,,,,,,,,,394140
,,,,,,,,,,,,,STON/O 2. 3101269
,,,,,,,,,,,,,343095
,,,,,,,,,,,,,28220
,,,,,,,,,,,,,250652
E33,E,,,,,,,,,,,,28228
,,,,,,,,,,,,,345773
,,,,,,,,,,,,,349254
,,,,,,,,,,,,,A/5. 13032
,,,,,,,,,,,,,315082
,,,,,,,,,,,,,347080
,,,,,,,,,,,,,A/4. 34244
,,,,,,,,,,,,,2003
,,,,,,,,,,,,,250655
,,,,,,,,,,,,,364851
D37,D,,,,,,,,,,,,SOTON/O.Q. 392078
,,,,,,,,,,,,,110564
,,,,,,,,,,,,,376564
B35,B,,,,,,,,,,,,SC/AH 3085
E50,E,,,,,,,,,,,,STON/O 2. 3101274
,,,,,,,,,,,,,13507
,,,,,,,,,,,,,C.A. 18723
,,,,,,,,,,,,,345769
,,,,,,,,,,,,,347076
,,,,,,,,,,,,,230434
,,,,,,,,,,,,,65306
C82,C,,,,,,,,,,,,33638
,,,,,,,,,,,,,113794
,,,,,,,,,,,,,2666
,,,,,,,,,,,,,113786
,,,,,,,,,,,,,65303
,,,,,,,,,,,,,113051
,,,,,,,,,,,,,17453
,,,,,,,,,,,,,A/5 2817
,,,,,,,,,,,,,349240
,,,,,,,,,,,,,13509
,,,,,,,,,,,,,17464
,,,,,,,,,,,,,F.C.C. 13531
,,,,,,,,,,,,,371060
B96 B98,B,,,,,,,,,,,,19952
,,,,,,,,,,,,,364506
,,,,,,,,,,,,,111320
D36,D,,,,,,,,,,,,234360
G6,G,,,,,,,,,,,,A/S 2816
,,,,,,,,,,,,,SOTON/O.Q. 3101306
,,,,,,,,,,,,,113792
,,,,,,,,,,,,,36209
,,,,,,,,,,,,,323592
,,,,,,,,,,,,,315089
,,,,,,,,,,,,,SC/AH Basle 541
,,,,,,,,,,,,,7553
,,,,,,,,,,,,,31027
,,,,,,,,,,,,,3460
,,,,,,,,,,,,,350060
,,,,,,,,,,,,,3101298
,,,,,,,,,,,,,239854
,,,,,,,,,,,,,A/5 3594
,,,,,,,,,,,,,4134
,,,,,,,,,,,,,11771
,,,,,,,,,,,,,A.5. 18509
,,,,,,,,,,,,,65304
C78,C,,,,,,,,,,,,SOTON/OQ 3101317
,,,,,,,,,,,,,113787
,,,,,,,,,,,,,PC 17609
,,,,,,,,,,,,,A/4 45380
,,,,,,,,,,,,,36947
,,,,,,,,,,,,,C.A. 6212
,,,,,,,,,,,,,350035
,,,,,,,,,,,,,315086
,,,,,,,,,,,,,364846
,,,,,,,,,,,,,330909
,,,,,,,,,,,,,4135
,,,,,,,,,,,,,26360
,,,,,,,,,,,,,111427
,,,,,,,,,,,,,C 4001
,,,,,,,,,,,,,382651
,,,,,,,,,,,,,SOTON/OQ 3101316
,,,,,,,,,,,,,PC 17473
E10,E,,,,,,,,,,,,PC 17603
C52,C,,,,,,,,,,,,349209
,,,,,,,,,,,,,36967
,,,,,,,,,,,,,C.A. 34260
,,,,,,,,,,,,,226875
E44,E,,,,,,,,,,,,349242
B96 B98,B,,,,,,,,,,,,12749
,,,,,,,,,,,,,349252
,,,,,,,,,,,,,2624
C23 C25 C27,C,,,,,,,,,,,,2700
,,,,,,,,,,,,,367232
,,,,,,,,,,,,,W./C. 14258
,,,,,,,,,,,,,PC 17483
,,,,,,,,,,,,,3101296
,,,,,,,,,,,,,29104
,,,,,,,,,,,,,2641
A34,A,,,,,,,,,,,,2690
,,,,,,,,,,,,,315084
,,,,,,,,,,,,,113050
,,,,,,,,,,,,,PC 17761
C104,C,,,,,,,,,,,,364498
,,,,,,,,,,,,,13568
,,,,,,,,,,,,,WE/P 5735
C111,C,,,,,,,,,,,,2908
C92,C,,,,,,,,,,,,693
,,,,,,,,,,,,,SC/PARIS 2146
,,,,,,,,,,,,,244358
E38,E,,,,,,,,,,,,330979
D21,D,,,,,,,,,,,,2620
,,,,,,,,,,,,,347085
,,,,,,,,,,,,,113807
E12,E,,,,,,,,,,,,11755
,,,,,,,,,,,,,345572
E63,E,,,,,,,,,,,,372622
,,,,,,,,,,,,,349251
,,,,,,,,,,,,,218629
,,,,,,,,,,,,,SOTON/OQ 392082
,,,,,,,,,,,,,SOTON/O.Q. 392087
,,,,,,,,,,,,,A/4 48871
,,,,,,,,,,,,,349205
,,,,,,,,,,,,,2686
,,,,,,,,,,,,,350417
,,,,,,,,,,,,,S.W./PP 752
,,,,,,,,,,,,,11769
D,D,,,,,,,,,,,,PC 17474
,,,,,,,,,,,,,14312
A14,A,,,,,,,,,,,,A/4. 20589
,,,,,,,,,,,,,358585
,,,,,,,,,,,,,243880
,,,,,,,,,,,,,2689
,,,,,,,,,,,,,STON/O 2. 3101286
,,,,,,,,,,,,,237789
,,,,,,,,,,,,,13049
,,,,,,,,,,,,,3411
,,,,,,,,,,,,,237565
B49,B,,,,,,,,,,,,13567
,,,,,,,,,,,,,14973
C93,C,,,,,,,,,,,,A./5. 3235
B37,B,,,,,,,,,,,,STON/O 2. 3101273
,,,,,,,,,,,,,A/5 3902
,,,,,,,,,,,,,364848
,,,,,,,,,,,,,SC/AH 29037
,,,,,,,,,,,,,248727
C30,C,,,,,,,,,,,,2664
,,,,,,,,,,,,,349214
,,,,,,,,,,,,,113796
,,,,,,,,,,,,,364511
D20,D,,,,,,,,,,,,111426
,,,,,,,,,,,,,349910
C22 C26,C,,,,,,,,,,,,349246
,,,,,,,,,,,,,113804
,,,,,,,,,,,,,SOTON/O.Q. 3101305
,,,,,,,,,,,,,370377
,,,,,,,,,,,,,364512
,,,,,,,,,,,,,220845
B79,B,,,,,,,,,,,,31028
C65,C,,,,,,,,,,,,2659
,,,,,,,,,,,,,11753
,,,,,,,,,,,,,350029
,,,,,,,,,,,,,54636
,,,,,,,,,,,,,36963
,,,,,,,,,,,,,219533
,,,,,,,,,,,,,349224
E25,E,,,,,,,,,,,,334912
,,,,,,,,,,,,,27042
,,,,,,,,,,,,,347743
D46,D,,,,,,,,,,,,13214
F33,F,,,,,,,,,,,,112052
,,,,,,,,,,,,,237668
,,,,,,,,,,,,,STON/O 2. 3101292
,,,,,,,,,,,,,350050
B73,B,,,,,,,,,,,,349231
,,,,,,,,,,,,,13213
,,,,,,,,,,,,,S.O./P.P. 751
B18,B,,,,,,,,,,,,CA. 2314
,,,,,,,,,,,,,349221
,,,,,,,,,,,,,8475
,,,,,,,,,,,,,330919
C95,C,,,,,,,,,,,,365226
,,,,,,,,,,,,,349223
,,,,,,,,,,,,,29751
,,,,,,,,,,,,,2623
,,,,,,,,,,,,,5727
,,,,,,,,,,,,,349210
,,,,,,,,,,,,,STON/O 2. 3101285
,,,,,,,,,,,,,234686
,,,,,,,,,,,,,312993
B38,B,,,,,,,,,,,,A/5 3536
,,,,,,,,,,,,,19996
,,,,,,,,,,,,,29750
B39,B,,,,,,,,,,,,F.C. 12750
B22,B,,,,,,,,,,,,C.A. 24580
,,,,,,,,,,,,,244270
,,,,,,,,,,,,,239856
,,,,,,,,,,,,,349912
C86,C,,,,,,,,,,,,342826
,,,,,,,,,,,,,4138
,,,,,,,,,,,,,330935
,,,,,,,,,,,,,6563
,,,,,,,,,,,,,349228
,,,,,,,,,,,,,350036
C70,C,,,,,,,,,,,,24160
,,,,,,,,,,,,,17474
,,,,,,,,,,,,,349256
,,,,,,,,,,,,,2672
,,,,,,,,,,,,,113800
,,,,,,,,,,,,,248731
A16,A,,,,,,,,,,,,363592
,,,,,,,,,,,,,35852
E67,E,,,,,,,,,,,,348121
,,,,,,,,,,,,,PC 17475
,,,,,,,,,,,,,36864
,,,,,,,,,,,,,350025
,,,,,,,,,,,,,223596
,,,,,,,,,,,,,PC 17476
,,,,,,,,,,,,,PC 17482
,,,,,,,,,,,,,113028
,,,,,,,,,,,,,7545
,,,,,,,,,,,,,250647
,,,,,,,,,,,,,348124
,,,,,,,,,,,,,34218
,,,,,,,,,,,,,36568
C101,C,,,,,,,,,,,,347062
E25,E,,,,,,,,,,,,350048
,,,,,,,,,,,,,12233
,,,,,,,,,,,,,250643
,,,,,,,,,,,,,113806
,,,,,,,,,,,,,315094
E44,E,,,,,,,,,,,,36866
,,,,,,,,,,,,,236853
,,,,,,,,,,,,,STON/O2. 3101271
,,,,,,,,,,,,,239855
C68,C,,,,,,,,,,,,28425
,,,,,,,,,,,,,233639
A10,A,,,,,,,,,,,,349201
,,,,,,,,,,,,,349218
E68,E,,,,,,,,,,,,16988
,,,,,,,,,,,,,376566
B41,B,,,,,,,,,,,,STON/O 2. 3101288
,,,,,,,,,,,,,250648
,,,,,,,,,,,,,113773
,,,,,,,,,,,,,335097
D20,D,,,,,,,,,,,,29103
,,,,,,,,,,,,,392096
,,,,,,,,,,,,,345780
,,,,,,,,,,,,,349204
,,,,,,,,,,,,,350042
,,,,,,,,,,,,,29108
,,,,,,,,,,,,,363294
,,,,,,,,,,,,,SOTON/O2 3101272
A20,A,,,,,,,,,,,,2663
,,,,,,,,,,,,,347074
,,,,,,,,,,,,,112379
,,,,,,,,,,,,,364850
,,,,,,,,,,,,,8471
,,,,,,,,,,,,,345781
,,,,,,,,,,,,,350047
,,,,,,,,,,,,,S.O./P.P. 3
,,,,,,,,,,,,,2674
,,,,,,,,,,,,,29105
C125,C,,,,,,,,,,,,347078
,,,,,,,,,,,,,383121
,,,,,,,,,,,,,36865
,,,,,,,,,,,,,2687
,,,,,,,,,,,,,113501
,,,,,,,,,,,,,W./C. 6607
,,,,,,,,,,,,,SOTON/O.Q. 3101312
,,,,,,,,,,,,,374887
,,,,,,,,,,,,,3101265
F4,F,,,,,,,,,,,,12460
,,,,,,,,,,,,,PC 17600
,,,,,,,,,,,,,349203
D19,D,,,,,,,,,,,,28213
,,,,,,,,,,,,,17465
,,,,,,,,,,,,,349244
,,,,,,,,,,,,,2685
D50,D,,,,,,,,,,,,2625
,,,,,,,,,,,,,347089
D9,D,,,,,,,,,,,,347063
,,,,,,,,,,,,,112050
,,,,,,,,,,,,,347087
A23,A,,,,,,,,,,,,248723
,,,,,,,,,,,,,3474
B50,B,,,,,,,,,,,,28206
,,,,,,,,,,,,,364499
,,,,,,,,,,,,,112058
,,,,,,,,,,,,,STON/O2. 3101290
,,,,,,,,,,,,,S.C./PARIS 2079
,,,,,,,,,,,,,C 7075
,,,,,,,,,,,,,315098
,,,,,,,,,,,,,19972
,,,,,,,,,,,,,368323
B35,B,,,,,,,,,,,,367228
,,,,,,,,,,,,,2671
,,,,,,,,,,,,,347468
,,,,,,,,,,,,,2223
D33,D,,,,,,,,,,,,PC 17756
,,,,,,,,,,,,,315097
A26,A,,,,,,,,,,,,392092
,,,,,,,,,,,,,11774
,,,,,,,,,,,,,SOTON/O2 3101287
,,,,,,,,,,,,,2683
,,,,,,,,,,,,,315090
,,,,,,,,,,,,,C.A. 5547
,,,,,,,,,,,,,349213
,,,,,,,,,,,,,347060
,,,,,,,,,,,,,PC 17592
,,,,,,,,,,,,,392091
,,,,,,,,,,,,,113055
,,,,,,,,,,,,,2629
D48,D,,,,,,,,,,,,350026
,,,,,,,,,,,,,28134
,,,,,,,,,,,,,17466
E58,E,,,,,,,,,,,,233866
,,,,,,,,,,,,,236852
,,,,,,,,,,,,,SC/PARIS 2149
,,,,,,,,,,,,,PC 17590
,,,,,,,,,,,,,345777
,,,,,,,,,,,,,349248
,,,,,,,,,,,,,695
C126,C,,,,,,,,,,,,345765
,,,,,,,,,,,,,2667
B71,B,,,,,,,,,,,,349212
,,,,,,,,,,,,,349217
,,,,,,,,,,,,,349257
,,,,,,,,,,,,,7552
,,,,,,,,,,,,,C.A./SOTON 34068
,,,,,,,,,,,,,SOTON/OQ 392076
,,,,,,,,,,,,,211536
,,,,,,,,,,,,,112053
B51 B53 B55,B,,,,,,,,,,,,111369
,,,,,,,,,,,,,370376
D49,D,,,,,,,,,,,,330911
,,,,,,,,,,,,,363272
,,,,,,,,,,,,,240276
,,,,,,,,,,,,,315154
,,,,,,,,,,,,,7538
,,,,,,,,,,,,,330972
,,,,,,,,,,,,,2657
,,,,,,,,,,,,,349220
B5,B,,,,,,,,,,,,694
B20,B,,,,,,,,,,,,21228
,,,,,,,,,,,,,24065
,,,,,,,,,,,,,233734
,,,,,,,,,,,,,2692
,,,,,,,,,,,,,STON/O2. 3101270
,,,,,,,,,,,,,2696
,,,,,,,,,,,,,C 17368
,,,,,,,,,,,,,PC 17598
C68,C,,,,,,,,,,,,2698
F G63,F,,,,,,,,,,,,113054
C62 C64,C,,,,,,,,,,,,C.A. 31029
E24,E,,,,,,,,,,,,13236
,,,,,,,,,,,,,2682
,,,,,,,,,,,,,342712
,,,,,,,,,,,,,315087
,,,,,,,,,,,,,345768
,,,,,,,,,,,,,113778
E24,E,,,,,,,,,,,,SOTON/O.Q. 3101263
,,,,,,,,,,,,,237249
,,,,,,,,,,,,,STON/O 2. 3101291
C90,C,,,,,,,,,,,,PC 17594
C124,C,,,,,,,,,,,,370374
C126,C,,,,,,,,,,,,13695
,,,,,,,,,,,,,SC/PARIS 2168
,,,,,,,,,,,,,SC/A.3 2861
F G73,F,,,,,,,,,,,,349230
C45,C,,,,,,,,,,,,348122
E101,E,,,,,,,,,,,,349232
,,,,,,,,,,,,,237216
,,,,,,,,,,,,,347090
,,,,,,,,,,,,,334914
,,,,,,,,,,,,,F.C.C. 13534
,,,,,,,,,,,,,330963
,,,,,,,,,,,,,2543
E8,E,,,,,,,,,,,,382653
,,,,,,,,,,,,,349211
,,,,,,,,,,,,,3101297
,,,,,,,,,,,,,PC 17562
,,,,,,,,,,,,,359306
,,,,,,,,,,,,,11770
B5,B,,,,,,,,,,,,248744
,,,,,,,,,,,,,368702
,,,,,,,,,,,,,19924
,,,,,,,,,,,,,349238
,,,,,,,,,,,,,240261
,,,,,,,,,,,,,2660
,,,,,,,,,,,,,330844
B101,B,,,,,,,,,,,,A/4 31416
,,,,,,,,,,,,,364856
,,,,,,,,,,,,,347072
D45,D,,,,,,,,,,,,345498
C46,C,,,,,,,,,,,,376563
B57 B59 B63 B66,B,,,,,,,,,,,,13905
,,,,,,,,,,,,,350033
,,,,,,,,,,,,,STON/O 2. 3101268
B22,B,,,,,,,,,,,,347471
,,,,,,,,,,,,,A./5. 3338
,,,,,,,,,,,,,11778
D30,D,,,,,,,,,,,,365235
,,,,,,,,,,,,,347070
,,,,,,,,,,,,,330920
E121,E,,,,,,,,,,,,383162
,,,,,,,,,,,,,3410
,,,,,,,,,,,,,248734
,,,,,,,,,,,,,237734
,,,,,,,,,,,,,330968
,,,,,,,,,,,,,PC 17531
,,,,,,,,,,,,,329944
,,,,,,,,,,,,,2681
B77,B,,,,,,,,,,,,13050
,,,,,,,,,,,,,367227
,,,,,,,,,,,,,392095
,,,,,,,,,,,,,368783
B96 B98,B,,,,,,,,,,,,350045
,,,,,,,,,,,,,211535
D11,D,,,,,,,,,,,,342441
,,,,,,,,,,,,,STON/OQ. 369943
,,,,,,,,,,,,,113780
,,,,,,,,,,,,,2621
,,,,,,,,,,,,,349226
,,,,,,,,,,,,,350409
,,,,,,,,,,,,,2656
E77,E,,,,,,,,,,,,248659
,,,,,,,,,,,,,SOTON/OQ 392083
,,,,,,,,,,,,,17475
,,,,,,,,,,,,,SC/A4 23568
F38,F,,,,,,,,,,,,113791
,,,,,,,,,,,,,349255
,,,,,,,,,,,,,3701
B3,B,,,,,,,,,,,,350405
,,,,,,,,,,,,,S.O./P.P. 752
B20,B,,,,,,,,,,,,347469
D6,D,,,,,,,,,,,,110489
,,,,,,,,,,,,,SOTON/O.Q. 3101315
,,,,,,,,,,,,,335432
,,,,,,,,,,,,,220844
,,,,,,,,,,,,,343271
,,,,,,,,,,,,,237393
,,,,,,,,,,,,,PC 17591
B82 B84,B,,,,,,,,,,,,17770
,,,,,,,,,,,,,7548
,,,,,,,,,,,,,S.O./P.P. 251
,,,,,,,,,,,,,2670
,,,,,,,,,,,,,2673
,,,,,,,,,,,,,233478
,,,,,,,,,,,,,7935
D17,D,,,,,,,,,,,,239059
,,,,,,,,,,,,,S.O./P.P. 2
,,,,,,,,,,,,,A/4 48873
,,,,,,,,,,,,,28221
,,,,,,,,,,,,,111163
,,,,,,,,,,,,,235509
B96 B98,B,,,,,,,,,,,,347465
,,,,,,,,,,,,,347066
,,,,,,,,,,,,,C.A. 31030
,,,,,,,,,,,,,65305
A36,A,,,,,,,,,,,,C.A. 34050
,,,,,,,,,,,,,F.C. 12998
,,,,,,,,,,,,,9232
E8,E,,,,,,,,,,,,28034
,,,,,,,,,,,,,PC 17613
,,,,,,,,,,,,,349250
,,,,,,,,,,,,,SOTON/O.Q. 3101308
,,,,,,,,,,,,,347091
,,,,,,,,,,,,,113038
B102,B,,,,,,,,,,,,330924
,,,,,,,,,,,,,32302
,,,,,,,,,,,,,SC/PARIS 2148
,,,,,,,,,,,,,342684
,,,,,,,,,,,,,W./C. 14266
B69,B,,,,,,,,,,,,350053
,,,,,,,,,,,,,PC 17606
,,,,,,,,,,,,,350054
E121,E,,,,,,,,,,,,370368
,,,,,,,,,,,,,242963
,,,,,,,,,,,,,113795
,,,,,,,,,,,,,3101266
,,,,,,,,,,,,,330971
,,,,,,,,,,,,,350416
B28,B,,,,,,,,,,,,2679
,,,,,,,,,,,,,250650
,,,,,,,,,,,,,112377
,,,,,,,,,,,,,3470
,,,,,,,,,,,,,SOTON/O2 3101284
,,,,,,,,,,,,,13508
E49,E,,,,,,,,,,,,7266
,,,,,,,,,,,,,345775
,,,,,,,,,,,,,C.A. 42795
,,,,,,,,,,,,,AQ/4 3130
C47,C,,,,,,,,,,,,363611
,,,,,,,,,,,,,28404
,,,,,,,,,,,,,345501
,,,,,,,,,,,,,350410
,,,,,,,,,,,,,C.A. 34644
,,,,,,,,,,,,,349235
,,,,,,,,,,,,,112051
,,,,,,,,,,,,,C.A. 49867
,,,,,,,,,,,,,A. 2. 39186
,,,,,,,,,,,,,315095
C92,C,,,,,,,,,,,,368573
,,,,,,,,,,,,,2676
,,,,,,,,,,,,,SC 14888
,,,,,,,,,,,,,CA 31352
D28,D,,,,,,,,,,,,W./C. 14260
,,,,,,,,,,,,,315085
,,,,,,,,,,,,,364859
,,,,,,,,,,,,,A/5 21175
E17,E,,,,,,,,,,,,SOTON/O.Q. 3101314
,,,,,,,,,,,,,2655
,,,,,,,,,,,,,A/5 1478
,,,,,,,,,,,,,PC 17607
,,,,,,,,,,,,,382650
D17,D,,,,,,,,,,,,2652
,,,,,,,,,,,,,345771
,,,,,,,,,,,,,349202
,,,,,,,,,,,,,113801
,,,,,,,,,,,,,347467
A24,A,,,,,,,,,,,,347079
,,,,,,,,,,,,,237735
,,,,,,,,,,,,,315092
,,,,,,,,,,,,,383123
D35,D,,,,,,,,,,,,112901
B51 B53 B55,B,,,,,,,,,,,,315091
,,,,,,,,,,,,,2658
,,,,,,,,,,,,,LP 1588
,,,,,,,,,,,,,368364
,,,,,,,,,,,,,AQ/3. 30631
,,,,,,,,,,,,,28004
,,,,,,,,,,,,,350408
C50,C,,,,,,,,,,,,347075
,,,,,,,,,,,,,2654
,,,,,,,,,,,,,244368
,,,,,,,,,,,,,113790
,,,,,,,,,,,,,SOTON/O.Q. 3101309
,,,,,,,,,,,,,236854
,,,,,,,,,,,,,PC 17580
,,,,,,,,,,,,,2684
B42,B,,,,,,,,,,,,349229
,,,,,,,,,,,,,110469
C148,C,,,,,,,,,,,,244360
,,,,,,,,,,,,,2675
,,,,,,,,,,,,,2622
,,,,,,,,,,,,,C.A. 15185
,,,,,,,,,,,,,350403
,,,,,,,,,,,,,348125
,,,,,,,,,,,,,237670
,,,,,,,,,,,,,2688
,,,,,,,,,,,,,248726
,,,,,,,,,,,,,F.C.C. 13540
,,,,,,,,,,,,,113044
,,,,,,,,,,,,,1222
,,,,,,,,,,,,,368402
,,,,,,,,,,,,,315083
B45,B,,,,,,,,,,,,112378
,,,,,,,,,,,,,SC/PARIS 2147
E31,E,,,,,,,,,,,,28133
,,,,,,,,,,,,,248746
,,,,,,,,,,,,,315152
,,,,,,,,,,,,,29107
,,,,,,,,,,,,,680
,,,,,,,,,,,,,366713
,,,,,,,,,,,,,330910
,,,,,,,,,,,,,SC/PARIS 2159
,,,,,,,,,,,,,349911
,,,,,,,,,,,,,244346
B57 B59 B63 B66,B,,,,,,,,,,,,364858
,,,,,,,,,,,,,C.A. 30769
B36,B,,,,,,,,,,,,371109
,,,,,,,,,,,,,347065
A21,A,,,,,,,,,,,,21332
,,,,,,,,,,,,,17765
,,,,,,,,,,,,,SC/PARIS 2166
,,,,,,,,,,,,,28666
,,,,,,,,,,,,,334915
,,,,,,,,,,,,,365237
C78,C,,,,,,,,,,,,347086
,,,,,,,,,,,,,A.5. 3236
,,,,,,,,,,,,,SOTON/O.Q. 3101262
,,,,,,,,,,,,,359309
,,,,,,,,,,,,,
,,,,,,,,,,,,,
,,,,,,,,,,,,,
D34,D,,,,,,,,,,,,
,,,,,,,,,,,,,
,,,,,,,,,,,,,
D19,D,,,,,,,,,,,,
,,,,,,,,,,,,,
A9,A,,,,,,,,,,,,
,,,,,,,,,,,,,
D15,D,,,,,,,,,,,,
,,,,,,,,,,,,,
C31,C,,,,,,,,,,,,
,,,,,,,,,,,,,
,,,,,,,,,,,,,
C23 C25 C27,C,,,,,,,,,,,,
,,,,,,,,,,,,,
,,,,,,,,,,,,,
,,,,,,,,,,,,,
F G63,F,,,,,,,,,,,,
,,,,,,,,,,,,,
B61,B,,,,,,,,,,,,
,,,,,,,,,,,,,
,,,,,,,,,,,,,
,,,,,,,,,,,,,
,,,,,,,,,,,,,
B57 B59 B63 B66,B,,,,,,,,,,,,
,,,,,,,,,,,,,
,,,,,,,,,,,,,
,,,,,,,,,,,,,
C53,C,,,,,,,,,,,,
C23 C25 C27,C,,,,,,,,,,,,
,,,,,,,,,,,,,
,,,,,,,,,,,,,
,,,,,,,,,,,,,
D43,D,,,,,,,,,,,,
C130,C,,,,,,,,,,,,
C132,C,,,,,,,,,,,,
,,,,,,,,,,,,,
C101,C,,,,,,,,,,,,
,,,,,,,,,,,,,
,,,,,,,,,,,,,
,,,,,,,,,,,,,
C55 C57,C,,,,,,,,,,,,
,,,,,,,,,,,,,
,,,,,,,,,,,,,
,,,,,,,,,,,,,
,,,,,,,,,,,,,
,,,,,,,,,,,,,
,,,,,,,,,,,,,
,,,,,,,,,,,,,
,,,,,,,,,,,,,
,,,,,,,,,,,,,
,,,,,,,,,,,,,
B71,B,,,,,,,,,,,,
,,,,,,,,,,,,,
,,,,,,,,,,,,,
,,,,,,,,,,,,,
C46,C,,,,,,,,,,,,
,,,,,,,,,,,,,
,,,,,,,,,,,,,
,,,,,,,,,,,,,
C116,C,,,,,,,,,,,,
,,,,,,,,,,,,,
,,,,,,,,,,,,,
,,,,,,,,,,,,,
,,,,,,,,,,,,,
,,,,,,,,,,,,,
,,,,,,,,,,,,,
,,,,,,,,,,,,,
,,,,,,,,,,,,,
F,F,,,,,,,,,,,,
,,,,,,,,,,,,,
,,,,,,,,,,,,,
A29,A,,,,,,,,,,,,
,,,,,,,,,,,,,
C55 C57,C,,,,,,,,,,,,
,,,,,,,,,,,,,
,,,,,,,,,,,,,
G6,G,,,,,,,,,,,,
C6,C,,,,,,,,,,,,
,,,,,,,,,,,,,
,,,,,,,,,,,,,
,,,,,,,,,,,,,
C28,C,,,,,,,,,,,,
,,,,,,,,,,,,,
,,,,,,,,,,,,,
,,,,,,,,,,,,,
,,,,,,,,,,,,,
,,,,,,,,,,,,,
,,,,,,,,,,,,,
,,,,,,,,,,,,,
,,,,,,,,,,,,,
C51,C,,,,,,,,,,,,
,,,,,,,,,,,,,
,,,,,,,,,,,,,
,,,,,,,,,,,,,
,,,,,,,,,,,,,
,,,,,,,,,,,,,
,,,,,,,,,,,,,
,,,,,,,,,,,,,
,,,,,,,,,,,,,
,,,,,,,,,,,,,
,,,,,,,,,,,,,
B57 B59 B63 B66,B,,,,,,,,,,,,
,,,,,,,,,,,,,
,,,,,,,,,,,,,
,,,,,,,,,,,,,
E46,E,,,,,,,,,,,,
,,,,,,,,,,,,,
,,,,,,,,,,,,,
,,,,,,,,,,,,,
C54,C,,,,,,,,,,,,
,,,,,,,,,,,,,
,,,,,,,,,,,,,
,,,,,,,,,,,,,
,,,,,,,,,,,,,
,,,,,,,,,,,,,
C97,C,,,,,,,,,,,,
,,,,,,,,,,,,,
D22,D,,,,,,,,,,,,
,,,,,,,,,,,,,
,,,,,,,,,,,,,
,,,,,,,,,,,,,
,,,,,,,,,,,,,
,,,,,,,,,,,,,
,,,,,,,,,,,,,
,,,,,,,,,,,,,
B10,B,,,,,,,,,,,,
,,,,,,,,,,,,,
,,,,,,,,,,,,,
,,,,,,,,,,,,,
,,,,,,,,,,,,,
,,,,,,,,,,,,,
,,,,,,,,,,,,,
,,,,,,,,,,,,,
,,,,,,,,,,,,,
,,,,,,,,,,,,,
,,,,,,,,,,,,,
C116,C,,,,,,,,,,,,
F4,F,,,,,,,,,,,,
E45,E,,,,,,,,,,,,
,,,,,,,,,,,,,
E52,E,,,,,,,,,,,,
D30,D,,,,,,,,,,,,
,,,,,,,,,,,,,
B58 B60,B,,,,,,,,,,,,
,,,,,,,,,,,,,
,,,,,,,,,,,,,
,,,,,,,,,,,,,
,,,,,,,,,,,,,
,,,,,,,,,,,,,
,,,,,,,,,,,,,
,,,,,,,,,,,,,
,,,,,,,,,,,,,
,,,,,,,,,,,,,
,,,,,,,,,,,,,
,,,,,,,,,,,,,
E34,E,,,,,,,,,,,,
,,,,,,,,,,,,,
,,,,,,,,,,,,,
,,,,,,,,,,,,,
,,,,,,,,,,,,,
,,,,,,,,,,,,,
C62 C64,C,,,,,,,,,,,,
,,,,,,,,,,,,,
,,,,,,,,,,,,,
,,,,,,,,,,,,,
,,,,,,,,,,,,,
,,,,,,,,,,,,,
A11,A,,,,,,,,,,,,
,,,,,,,,,,,,,
,,,,,,,,,,,,,
,,,,,,,,,,,,,
,,,,,,,,,,,,,
,,,,,,,,,,,,,
,,,,,,,,,,,,,
B11,B,,,,,,,,,,,,
,,,,,,,,,,,,,
,,,,,,,,,,,,,
C80,C,,,,,,,,,,,,
,,,,,,,,,,,,,
,,,,,,,,,,,,,
,,,,,,,,,,,,,
F33,F,,,,,,,,,,,,
,,,,,,,,,,,,,
,,,,,,,,,,,,,
,,,,,,,,,,,,,
,,,,,,,,,,,,,
,,,,,,,,,,,,,
,,,,,,,,,,,,,
,,,,,,,,,,,,,
,,,,,,,,,,,,,
,,,,,,,,,,,,,
,,,,,,,,,,,,,
,,,,,,,,,,,,,
C85,C,,,,,,,,,,,,
,,,,,,,,,,,,,
D37,D,,,,,,,,,,,,
,,,,,,,,,,,,,
,,,,,,,,,,,,,
C86,C,,,,,,,,,,,,
,,,,,,,,,,,,,
,,,,,,,,,,,,,
E34,E,,,,,,,,,,,,
,,,,,,,,,,,,,
,,,,,,,,,,,,,
D21,D,,,,,,,,,,,,
,,,,,,,,,,,,,
,,,,,,,,,,,,,
,,,,,,,,,,,,,
,,,,,,,,,,,,,
,,,,,,,,,,,,,
,,,,,,,,,,,,,
C89,C,,,,,,,,,,,,
,,,,,,,,,,,,,
,,,,,,,,,,,,,
,,,,,,,,,,,,,
,,,,,,,,,,,,,
,,,,,,,,,,,,,
,,,,,,,,,,,,,
,,,,,,,,,,,,,
,,,,,,,,,,,,,
,,,,,,,,,,,,,
,,,,,,,,,,,,,
,,,,,,,,,,,,,
,,,,,,,,,,,,,
,,,,,,,,,,,,,
,,,,,,,,,,,,,
,,,,,,,,,,,,,
,,,,,,,,,,,,,
,,,,,,,,,,,,,
C6,C,,,,,,,,,,,,
,,,,,,,,,,,,,
C89,C,,,,,,,,,,,,
,,,,,,,,,,,,,
,,,,,,,,,,,,,
,,,,,,,,,,,,,
,,,,,,,,,,,,,
,,,,,,,,,,,,,
,,,,,,,,,,,,,
,,,,,,,,,,,,,
,,,,,,,,,,,,,
,,,,,,,,,,,,,
,,,,,,,,,,,,,
,,,,,,,,,,,,,
,,,,,,,,,,,,,
,,,,,,,,,,,,,
,,,,,,,,,,,,,
B45,B,,,,,,,,,,,,
F E46,F,,,,,,,,,,,,
,,,,,,,,,,,,,
,,,,,,,,,,,,,
,,,,,,,,,,,,,
,,,,,,,,,,,,,
A34,A,,,,,,,,,,,,
,,,,,,,,,,,,,
,,,,,,,,,,,,,
,,,,,,,,,,,,,
,,,,,,,,,,,,,
,,,,,,,,,,,,,
,,,,,,,,,,,,,
,,,,,,,,,,,,,
D,D,,,,,,,,,,,,
,,,,,,,,,,,,,
,,,,,,,,,,,,,
,,,,,,,,,,,,,
B26,B,,,,,,,,,,,,
C22 C26,C,,,,,,,,,,,,
,,,,,,,,,,,,,
B69,B,,,,,,,,,,,,
,,,,,,,,,,,,,
,,,,,,,,,,,,,
,,,,,,,,,,,,,
,,,,,,,,,,,,,
,,,,,,,,,,,,,
C32,C,,,,,,,,,,,,
,,,,,,,,,,,,,
B78,B,,,,,,,,,,,,
,,,,,,,,,,,,,
,,,,,,,,,,,,,
,,,,,,,,,,,,,
,,,,,,,,,,,,,
F E57,F,,,,,,,,,,,,
F2,F,,,,,,,,,,,,
,,,,,,,,,,,,,
,,,,,,,,,,,,,
,,,,,,,,,,,,,
F4,F,,,,,,,,,,,,
,,,,,,,,,,,,,
,,,,,,,,,,,,,
,,,,,,,,,,,,,
,,,,,,,,,,,,,
A18,A,,,,,,,,,,,,
,,,,,,,,,,,,,
,,,,,,,,,,,,,
,,,,,,,,,,,,,
C106,C,,,,,,,,,,,,
,,,,,,,,,,,,,
,,,,,,,,,,,,,
,,,,,,,,,,,,,
,,,,,,,,,,,,,
,,,,,,,,,,,,,
,,,,,,,,,,,,,
,,,,,,,,,,,,,
B51 B53 B55,B,,,,,,,,,,,,
,,,,,,,,,,,,,
,,,,,,,,,,,,,
,,,,,,,,,,,,,
,,,,,,,,,,,,,
,,,,,,,,,,,,,
,,,,,,,,,,,,,
D10 D12,D,,,,,,,,,,,,
,,,,,,,,,,,,,
,,,,,,,,,,,,,
,,,,,,,,,,,,,
,,,,,,,,,,,,,
E60,E,,,,,,,,,,,,
C101,C,,,,,,,,,,,,
,,,,,,,,,,,,,
,,,,,,,,,,,,,
,,,,,,,,,,,,,
,,,,,,,,,,,,,
,,,,,,,,,,,,,
,,,,,,,,,,,,,
,,,,,,,,,,,,,
E50,E,,,,,,,,,,,,
,,,,,,,,,,,,,
,,,,,,,,,,,,,
,,,,,,,,,,,,,
,,,,,,,,,,,,,
,,,,,,,,,,,,,
,,,,,,,,,,,,,
E39 E41,E,,,,,,,,,,,,
B52 B54 B56,B,,,,,,,,,,,,
,,,,,,,,,,,,,
A34,A,,,,,,,,,,,,
,,,,,,,,,,,,,
,,,,,,,,,,,,,
,,,,,,,,,,,,,
C39,C,,,,,,,,,,,,
,,,,,,,,,,,,,
,,,,,,,,,,,,,
,,,,,,,,,,,,,
,,,,,,,,,,,,,
,,,,,,,,,,,,,
,,,,,,,,,,,,,
,,,,,,,,,,,,,
,,,,,,,,,,,,,
,,,,,,,,,,,,,
,,,,,,,,,,,,,
,,,,,,,,,,,,,
B24,B,,,,,,,,,,,,
D28,D,,,,,,,,,,,,
,,,,,,,,,,,,,
,,,,,,,,,,,,,
,,,,,,,,,,,,,
C31,C,,,,,,,,,,,,
,,,,,,,,,,,,,
B41,B,,,,,,,,,,,,
,,,,,,,,,,,,,
,,,,,,,,,,,,,
C7,C,,,,,,,,,,,,
,,,,,,,,,,,,,
,,,,,,,,,,,,,
,,,,,,,,,,,,,
D40,D,,,,,,,,,,,,
D38,D,,,,,,,,,,,,
,,,,,,,,,,,,,
C80,C,,,,,,,,,,,,
,,,,,,,,,,,,,
,,,,,,,,,,,,,
,,,,,,,,,,,,,
C78,C,,,,,,,,,,,,
,,,,,,,,,,,,,
,,,,,,,,,,,,,
C105,C,,,,,,,,,,,,
